author.name,count,wariai,ruiseki
AFP,29621,0.13509224,0.13509224
Newschecker.in,15654,0.071393063,0.206485303
ŸÅEEŸÅEE ŸÅEEŸÅEEÿ≤ÿßŸÅEE ŸÅEEÿ±ÿßŸÅEEÿ≥ ÿ®ÿ±ÿ≥,11968,0.054582355,0.261067658
Lead Stories LLC,10336,0.047139306,0.308206964
FACTLY,9232,0.042104303,0.350311267
Maldita.es,8617,0.039299478,0.389610745
Vishvas News,8443,0.038505917,0.428116662
PolitiFact,7480,0.034113972,0.462230634
Alt News,7150,0.032608944,0.494839578
Demagog,7000,0.03192484,0.526764417
Full Fact,6351,0.028964951,0.555729369
Facta,5192,0.02367911,0.579408478
VERIFY,5046,0.023013249,0.602421727
Newtral,4224,0.01926436,0.621686088
Fact Check,4043,0.018438875,0.640124963
Pol√≠grafo,3645,0.01662372,0.656748683
Boatos.org,3382,0.015424258,0.672172941
dpa,3192,0.014557727,0.686730668
Bufale,3178,0.014493877,0.701224546
Correctiv,2908,0.013262491,0.714487036
ÅEEÅEE∞ÅEEÅEE£ÅEE∫ÅEEÅEEØ¶ÅEEÅEE•ÅEE†∏ÅEE∏≠ÅEEøÅEE,2902,0.013235126,0.727722163
DaBegad?,2797,0.012756254,0.740478417
Fatabyyano Platform,2725,0.012427884,0.752906301
Check Your Fact,2481,0.011315075,0.764221376
Factual,2331,0.010630972,0.774852348
Youturn,2307,0.010521515,0.785373863
Vera Files,2049,0.009344857,0.794718719
FactCheck.org,2040,0.00930381,0.80402253
NewsMobile,1870,0.008528493,0.812551023
Faktograf.hr,1756,0.008008574,0.820559597
Lupa,1679,0.007657401,0.828216998
Rumor Scanner,1676,0.007643719,0.835860716
Colombiacheck,1660,0.007570748,0.843431464
Logically Facts,1534,0.006996101,0.850427565
Deutsche Presse-Agentur,1348,0.006147812,0.856575377
Factuel,1322,0.006029234,0.862604611
Verificat,1308,0.005965384,0.868569995
ŸÅEE⁄©ÿ™ÅEEÄÅEEŸÅEEÿßŸÅEEŸÅEE,1213,0.005532119,0.874102114
Tempo.co,1112,0.005071489,0.879173603
Pagella Politica,1108,0.005053246,0.884226849
Checamos,1075,0.004902743,0.889129592
Fact Crescendo Sri Lanka,1052,0.004797847,0.893927439
TjekDet,779,0.003552779,0.897480218
Fast Check CL,691,0.003151438,0.900631656
DoƒÅEErula,667,0.003041981,0.903673637
Washington Post,666,0.00303742,0.906711057
Pesa Check,628,0.002864114,0.909575172
El Detector / Univision Noticias,607,0.00276834,0.912343511
THIP Media,555,0.002531184,0.914874695
FactCheckHub,516,0.002353317,0.917228012
Nieuwscheckers,512,0.002335074,0.919563086
Knack,484,0.002207375,0.92177046
Sprawdzam,455,0.002075115,0.923845575
Luiz Fernando Menezes,442,0.002015826,0.925861401
Factcrescendo Sri Lanka,393,0.001792352,0.927653752
Newsmeter Network,369,0.001682895,0.929336647
Fact Crescendo Cambodia,362,0.00165097,0.930987618
FactRakers,321,0.001463982,0.9324516
youturn,308,0.001404693,0.933856293
Chequeado,298,0.001359086,0.935215379
E-FARSAS,280,0.001276994,0.936492372
Faktencheck,269,0.001226826,0.937719198
Comprova,267,0.001217705,0.938936903
Africa Check,255,0.001162976,0.940099879
Youturn ,242,0.001103687,0.941203566
Belarusian Investigative Center,230,0.001048959,0.942252525
ÅEE¶≤ÅEE¶ÅEEÅEE¶øÅEE¶ÅEEÅEEßÅEEÅEE¶≤ÅEEßÄ ÅEE¶´ÅEEßÅEEÅEE¶ÅEEÅEEßÅEEÅEE¶ÅEEÅEE¶ÅEE,225,0.001026156,0.943278681
GhanaFact,222,0.001012473,0.944291155
Md Mahfooz Alam,219,0.000998791,0.945289946
Marco Faustino,218,0.000994231,0.946284177
Provera ƒÅEEinjenica,213,0.000971427,0.947255604
Sunanda Naik,206,0.000939502,0.948195106
Deutsche Presse-Agentur ,191,0.000871092,0.949066198
Factcheck.bg,191,0.000871092,0.94993729
FactCheckNI,185,0.000843728,0.950781018
BR24 Faktenfuchs,183,0.000834607,0.951615625
The Dispatch Fact Check,178,0.000811803,0.952427428
◊ÅEE◊ÅEE◊©◊®◊ÅEE◊ß◊ÅEE◊™ ◊©◊ÅEE ◊ÅEE◊ÅEE◊ÅEE◊ÅEE◊°,177,0.000807242,0.95323467
Factcheck Nederland,174,0.00079356,0.954028231
MyGoPen,170,0.000775318,0.954803548
UOL Confere,169,0.000770757,0.955574305
Namibia Fact Check,168,0.000766196,0.956340501
OKO.press,162,0.000738832,0.957079333
DUBAWA,161,0.000734271,0.957813605
The Healthy Indian Project (THIP  Media),159,0.00072515,0.958538754
Fakty,157,0.000716029,0.959254783
◊ÅEE◊ÅEE◊©◊®◊ÅEE◊ß◊ÅEE◊™,153,0.000697786,0.959952569
Na pravou m√≠ru,151,0.000688664,0.960641233
Soch Fact Check,149,0.000679543,0.961320776
ŸÅEEŸÅEEÿµÿ© ÿ™ÿ£ŸÅEEÿØ,148,0.000674982,0.961995759
PesaCheck,148,0.000674982,0.962670741
ÅEEÅEE©ÅEEÅEE∏ÅEE≤¥ÅEEÅEE¨,147,0.000670422,0.963341163
El detector / Univision Noticias,146,0.000665861,0.964007023
Factchequeado,146,0.000665861,0.964672884
PA Media,140,0.000638497,0.965311381
Fact Crescendo,139,0.000633936,0.965945317
VRTNWS,138,0.000629375,0.966574693
 Fact Crescendo Sri Lanka,133,0.000606572,0.967181265
Satya Priya BN,127,0.000579208,0.967760472
Priscila Pacheco,125,0.000570086,0.968330559
Jos√© Paiva Capucho,120,0.000547283,0.968877842
UOL Comprova,113,0.000515358,0.9693932
The Healthy Indian Project,113,0.000515358,0.969908558
maharat-news,108,0.000492555,0.970401113
USA TODAY,105,0.000478873,0.970879985
Le Monde,105,0.000478873,0.971358858
RS Team,105,0.000478873,0.971837731
JTBC ÅEEÅEE¥ÅEEÅEE§,100,0.000456069,0.9722938
Amanda Ribeiro,98,0.000446948,0.972740747
The New York Times,97,0.000442387,0.973183135
TheJournal.ie,96,0.000437826,0.973620961
fakt yoxla,95,0.000433266,0.974054227
Anmol Alphonso,94,0.000428705,0.974482932
dpa Deutsche Presse-Agentur,92,0.000419584,0.974902515
Verificado,92,0.000419584,0.975322099
Fast Check,91,0.000415023,0.975737122
BBC Hindi,89,0.000405902,0.976143023
Factcrescendo Thailand,85,0.000387659,0.976530682
Projeto Comprova,82,0.000373977,0.976904659
ZimFact,78,0.000355734,0.977260393
Tejal Sinha,77,0.000351173,0.977611566
dpa-factchecking,77,0.000351173,0.977962739
WCNC,76,0.000346613,0.978309352
Factcheck Vlaanderen,75,0.000342052,0.978651404
DoƒÅEErula ,74,0.000337491,0.978988895
India Today,74,0.000337491,0.979326386
20 minutes,68,0.000310127,0.979636513
Noticias Telemundo,65,0.000296445,0.979932958
WUSA9,63,0.000287324,0.980220281
HABEEB RAHMAN YP,63,0.000287324,0.980507605
INFOVERITAS,62,0.000282763,0.980790368
Carolina Branco,56,0.000255399,0.981045767
ÿ™ÿ£ŸÅEEÿØ,54,0.000246277,0.981292044
FACTLY ,53,0.000241717,0.981533761
Rita Penela,52,0.000237156,0.981770916
Radio-Canada - D√©crypteurs,50,0.000228035,0.981998951
ÅEE≤≤ÅEE≤æÅEE≤ÅEEÅEE≤øÅEE≤ÅEEÅEE≤≤ÅEE≤ø ÅEE≤´ÅEE≥ÅEEÅEE≤ØÅEE≤æÅEE≤ÅEEÅEE≥ÅEEÅEE≤ÅEEÅEE≥ÅEEÅEE≤∏ÅEE≥ÅEE ,50,0.000228035,0.982226986
Tsek.ph,48,0.000218913,0.982445899
Lib√©ration,46,0.000209792,0.982655691
Sabloo Thomas,46,0.000209792,0.982865482
Rita Tavares,46,0.000209792,0.983075274
ÅEE≤≤ÅEE≤æÅEE≤ÅEEÅEE≤øÅEE≤ÅEEÅEE≤≤ÅEE≤ø ÅEE≤´ÅEE≥ÅEEÅEE≤ØÅEE≤æÅEE≤ÅEEÅEE≥ÅEEÅEE≤ÅEEÅEE≥ÅEEÅEE≤∏ÅEE≥ÅEE,45,0.000205231,0.983280505
Sk Badiruddin,44,0.00020067,0.983481176
Efecto Cocuyo,44,0.00020067,0.983681846
MediaWise,42,0.000191549,0.983873395
VERA Files,42,0.000191549,0.984064944
The Ferret,40,0.000182428,0.984247372
Deutsche Presse-Agentur dpa,38,0.000173306,0.984420678
www.stern.de,37,0.000168746,0.984589424
Fact Crescendo Thailand,37,0.000168746,0.984758169
Marta Leite Ferreira,37,0.000168746,0.984926915
Logically Facts ,36,0.000164185,0.9850911
Fact Check NI,36,0.000164185,0.985255285
Srijit Das,35,0.000159624,0.985414909
Ahamed Ali,35,0.000159624,0.985574533
Archis Chowdhury,35,0.000159624,0.985734157
Saurabh Pandey,34,0.000155064,0.985889221
Mounika Dasari,33,0.000150503,
Swasti Chatterjee,33,0.000150503,
Factcheck Lab,32,0.000145942,
Viral image,32,0.000145942,
Health Feedback,32,0.000145942,
Sumit Usha,32,0.000145942,
Facebook posts,31,0.000141381,
Aiswarya Sriram,30,0.000136821,
Climate Fact Checks,29,0.00013226,
OPEN,28,0.000127699,
BOOM FACT Check Team,28,0.000127699,
ÿ®ŸÅEEŸÅEE ÿ±ŸÅEEÿ®ŸÅEEÿ±ÿ™ÿ≥,28,0.000127699,
Andreia Costa,28,0.000127699,
USA Today,28,0.000127699,
Ana Kotowicz,27,0.000123139,
Joana Capucho,26,0.000118578,
KGW,26,0.000118578,
Fact Crescnedo Sri Lanka,25,0.000114017,
AAP FactCheck,25,0.000114017,
Gautam Doshi,25,0.000114017,
In√™s Ameixa,25,0.000114017,
Donald Trump,24,0.000109457,
BBC Reality Check,24,0.000109457,
AFP Factuel,24,0.000109457,
–ÅEE—Ä–æ–≤–µ—Ä–∏,24,0.000109457,
T√©nyk√©rd√©s,24,0.000109457,
In√™s Andr√© Figueiredo,23,0.000104896,
Vijayalakshmi Balasubramaniyan,23,0.000104896,
YOUTURN,23,0.000104896,
The Conversation,22,0.000100335,
Rui Pedro Antunes,22,0.000100335,
Factcheck.kz,22,0.000100335,
Abrar Bhat,22,0.000100335,
Milena Mangabeira,22,0.000100335,
Prathmesh Khunt,22,0.000100335,
Shachi Sutaria,22,0.000100335,
El Detector/ Univision Noticias,21,9.58E-05,
Politifact-Telemundo,21,9.58E-05,
Myth Detector,21,9.58E-05,
Sources multiples,21,9.58E-05,
dpa Faktencheck,21,9.58E-05,
Mohammed Kudrati,21,9.58E-05,
infoveritas,21,9.58E-05,
Nivedita Niranjankumar,21,9.58E-05,
Deutsche Welle,21,9.58E-05,
Rappler,21,9.58E-05,
Nidhi Jacob,20,9.12E-05,
Rita Cipriano,20,9.12E-05,
Bruna Leite,20,9.12E-05,
Mohammed Zakariya,20,9.12E-05,
BBC News,19,8.67E-05,
Mariana Lima Cunha,19,8.67E-05,
Hazel Gandhi,19,8.67E-05,
Rita Dinis,19,8.67E-05,
BR24 #Faktenfuchs,19,8.67E-05,
lavoce.info,18,8.21E-05,
Ana Rita Cunha,17,7.75E-05,
Jo√£o Gama,17,7.75E-05,
Pedro Ra√≠nho,17,7.75E-05,
Jo√£o Francisco Gomes,16,7.30E-05,
Noticias Telemundo / Politifact,16,7.30E-05,
Deutsche Presse-Agentur (dpa),16,7.30E-05,
Teresa Borges,16,7.30E-05,
ÅEE¶´ÅEEßÅEEÅEE¶ØÅEE¶æÅEE¶ÅEEÅEEßÅEEÅEE¶ÅEE ÅEE¶ÅEEÅEEßÅEEÅEE¶ÅEE,16,7.30E-05,
Saket Tiwari,15,6.84E-05,
In√™s Baptista,15,6.84E-05,
Factcheck Lab ÅEE∫ÅEEÅEEØ¶ÅEEÅEE•ÅEE†∏ÅEEØ¶ÅEE©ÅEEÅEEÆ§,15,6.84E-05,
Luz,15,6.84E-05,
Bianca Bortolon,15,6.84E-05,
Rui Casanova,14,6.38E-05,
Fakt Yoxla,14,6.38E-05,
Radio-Canada,14,6.38E-05,
Factcrescendo,14,6.38E-05,
First Check,14,6.38E-05,
T√¢nia Pereirinha,14,6.38E-05,
elTOQUE,13,5.93E-05,
Info-veritas,12,5.47E-05,
Oscar Nogueda Romero,12,5.47E-05,
multiple sources,12,5.47E-05,
Camila Vidal,12,5.47E-05,
Paromita Das,12,5.47E-05,
Divyani Dubey,12,5.47E-05,
InfoVeritas,11,5.02E-05,
Ana Moreira,11,5.02E-05,
Infoveritas,11,5.02E-05,
Fast Check CL ,11,5.02E-05,
Ethel Rudnitzki,11,5.02E-05,
M√°rio Silva da Costa,11,5.02E-05,
Telugupost Factcheck,11,5.02E-05,
BBC News Hindi,11,5.02E-05,
FactCheck.org / El Detector,11,5.02E-05,
El Detector / Univison Noticias,10,4.56E-05,
Edgar Caetano,10,4.56E-05,
VishvasNews,10,4.56E-05,
S√≥nia Sim√µes,10,4.56E-05,
Jos√© Carlos Duarte,9,4.10E-05,
tempo.co,9,4.10E-05,
Jo√£o de Almeida Dias,9,4.10E-05,
Dilip Unnikrishnan,9,4.10E-05,
Ramkumar Kaliamurthy,9,4.10E-05,
"Digital Forensics, Research and Analytics Center (DFRAC)",9,4.10E-05,
Cedar Rapids Gazette,9,4.10E-05,
Bernardo Barbosa,8,3.65E-05,
Rumor Scanner ,8,3.65E-05,
Factcrescendo Srilanka,8,3.65E-05,
Factcrescendo SL,8,3.65E-05,
Nivruthi Pasupunuri,8,3.65E-05,
BBC News ,8,3.65E-05,
D√©crypteurs,8,3.65E-05,
Tiare Sandoval,8,3.65E-05,
Ankita Maneck,8,3.65E-05,
Factchequeado / El Detector,8,3.65E-05,
Vamsi Krishna Pothuru,8,3.65E-05,
Mala Espina Check,7,3.19E-05,
Arjun Deodia,7,3.19E-05,
Debalina Mukherjee,7,3.19E-05,
DW,7,3.19E-05,
Multiple sources,7,3.19E-05,
  Fact Crescendo Sri Lanka,7,3.19E-05,
Fast Check ,7,3.19E-05,
Luis Soares,7,3.19E-05,
The Dispatch,7,3.19E-05,
Bernie Sanders,7,3.19E-05,
Factly,7,3.19E-05,
Bernardo Moura,6,2.74E-05,
Avelina Vel√°zquez,6,2.74E-05,
Arya Dinesh,6,2.74E-05,
Faktantarkistus,6,2.74E-05,
Opera News ,6,2.74E-05,
Elizabeth Warren,6,2.74E-05,
ÅEEÅEEÅEEÅEEÅEEÅEEÅEEÅEEÅEEÅEEÅEEÅEEÅEEÅEEÅEEÅEEÅEEÅEEÅEEÅEE° ÅEEÅEEÅEEÅEEÅEEÅEEÅEEÅEE¢ÅEEÅEEÅEEÅEEÅEE•ÅEEÅEE¢ÅEEÅEEÅEEÅEEÅEE†ÅEEÅEEÅEE,6,2.74E-05,
InFact,6,2.74E-05,
UOL Geral,6,2.74E-05,
Factchecker Team,6,2.74E-05,
Anuprova Ghose,6,2.74E-05,
Rita Pereira Carvalho,6,2.74E-05,
Shimron Diana,6,2.74E-05,
B√°rbara Lib√≥rio,6,2.74E-05,
Isha Bajpai,6,2.74E-05,
El Detector / Univision Noticas,5,2.28E-05,
BR24,5,2.28E-05,
Politifact,5,2.28E-05,
AFP-Telemundo,5,2.28E-05,
BR24 Faktenfuchs ,5,2.28E-05,
BR24-Faktenfuchs,5,2.28E-05,
Shaminder Singh,5,2.28E-05,
NepalFactCheck.org,5,2.28E-05,
Alexandre Arag√£o,5,2.28E-05,
Srinivasa Mata,5,2.28E-05,
Miguel Santos Carrapatoso,5,2.28E-05,
FactCrescendo Sri Lanka,5,2.28E-05,
Viral Image,5,2.28E-05,
BBC News Punjabi,5,2.28E-05,
Tulsi Gabbard,5,2.28E-05,
Joe Biden,5,2.28E-05,
Arturo Daen,5,2.28E-05,
Kirsten Gillibrand,5,2.28E-05,
Amritha Mohan,5,2.28E-05,
https://factcheck.afp.com/,4,1.82E-05,
Dheeshma,4,1.82E-05,
ŒµŒªŒªŒ∑ŒΩŒπŒ∫œÅEE Fact Check,4,1.82E-05,
SOCIAL MEDIA POST,4,1.82E-05,
Tiago Caeiro,4,1.82E-05,
Shubham Singh,4,1.82E-05,
FCN,4,1.82E-05,
Beto O'Rourke,4,1.82E-05,
Deutsche-Presse-Agentur,4,1.82E-05,
Redacci√≥n Animal Pol√≠tico,4,1.82E-05,
Siboney Flores,4,1.82E-05,
Newtral ,4,1.82E-05,
Shrey Banerjee,4,1.82E-05,
Krutika Kale,3,1.37E-05,
Suhash Bhattacharya,3,1.37E-05,
Sumit Jha,3,1.37E-05,
Bruno F√°vero,3,1.37E-05,
ÅEE≤≤ÅEE≤æÅEE≤ÅEEÅEE≤øÅEE≤ÅEEÅEE≤≤ÅEE≤ø ÅEE≤´ÅEE≥ÅEEÅEE≤ØÅEE≤æÅEE≤ÅEEÅEE≥ÅEEÅEE≤ÅEEÅEE≥ÅEEÅEE≤∏ÅEE≥ÅEE  ,3,1.37E-05,
Faktenfuchs,3,1.37E-05,
Open,3,1.37E-05,
Maharat-News,3,1.37E-05,
Rita da Silva Vieira,3,1.37E-05,
In√™s Capucho,3,1.37E-05,
Trust Index - WJXT ,3,1.37E-05,
Rita Porto,3,1.37E-05,
dpa-Faktencheck,3,1.37E-05,
C√°tia Bruno,3,1.37E-05,
Manuel Pestana Machado,3,1.37E-05,
Mariana √ÅEEca Ferreira,3,1.37E-05,
El Detector / Univision,3,1.37E-05,
Factcrescendo Thai,3,1.37E-05,
Mensagem em redes sociais,3,1.37E-05,
FACTLY   ,3,1.37E-05,
Marlene Carri√ßo,3,1.37E-05,
PA Media ,3,1.37E-05,
El Detector / Unvision Noticias,3,1.37E-05,
Factcrescendo  Sri Lanka,3,1.37E-05,
Cocuyo Chequea,3,1.37E-05,
Cory Booker,3,1.37E-05,
Knack Magazine,3,1.37E-05,
FACEBOOK POST,3,1.37E-05,
 ÅEE≤≤ÅEE≤æÅEE≤ÅEEÅEE≤øÅEE≤ÅEEÅEE≤≤ÅEE≤ø ÅEE≤´ÅEE≥ÅEEÅEE≤ØÅEE≤æÅEE≤ÅEEÅEE≥ÅEEÅEE≤ÅEEÅEE≥ÅEEÅEE≤∏ÅEE≥ÅEE,3,1.37E-05,
PA,3,1.37E-05,
Logically facts,3,1.37E-05,
NewsMeter ,3,1.37E-05,
Raskrinkavanje,3,1.37E-05,
Tausif Akbar,3,1.37E-05,
ÅEEÅEE¥ÅEE≤ΩÅEEÅEEÅEE ÅEE∏∞ÅEEÅEEÅEE / SBS ÅEEÅEE¥ÅEEÅEE§,3,1.37E-05,
Bloggers,3,1.37E-05,
ÅEE≤≤ÅEE≤æÅEE≤ÅEEÅEE≤øÅEE≤ÅEEÅEE≤≤ÅEE≤ø ÅEE≤´ÅEE≥ÅEEÅEE≤ØÅEE≤æÅEE≤ÅEEÅEE≥ÅEEÅEE≤ÅEEÅEE≥ÅEEÅEE≤∏ÅEE≥ÅEEÅEEÄÅEE,3,1.37E-05,
Factcrescendo Sri Lanka ,3,1.37E-05,
dpa Fact-Checking,3,1.37E-05,
Frasua Esquerra,3,1.37E-05,
elDetector/Univision Noticias,3,1.37E-05,
Karen Rebelo,3,1.37E-05,
Sista Mukherjee,3,1.37E-05,
youturn ,3,1.37E-05,
Flor Nazaret De Le√≥n,3,1.37E-05,
Dubawa,3,1.37E-05,
Pravda,2,9.12E-06,
BBC Trending,2,9.12E-06,
Mariana Fernandes,2,9.12E-06,
Newschecker,2,9.12E-06,
ŸÅEEŸÅEEÿµÿ© ÿ™ÿ£ŸÅEEÿØ ,2,9.12E-06,
Mongolian Fact-checking Center,2,9.12E-06,
El Detector / Univision ,2,9.12E-06,
Alexandria Ocasio-Cortez,2,9.12E-06,
Facebook post,2,9.12E-06,
Juli√°n Castro,2,9.12E-06,
The Healthy Indian project,2,9.12E-06,
DoƒÅEErulama,2,9.12E-06,
Newsmeter,2,9.12E-06,
Comprova ,2,9.12E-06,
Sujith,2,9.12E-06,
D√©bora Ely,2,9.12E-06,
Fact Cresccendo,2,9.12E-06,
Factcrescnedo Sri Lanka,2,9.12E-06,
The Washington Post - Noticias Telemundo,2,9.12E-06,
Telemundo,2,9.12E-06,
MD Mahfooz Alam,2,9.12E-06,
Deutsche Welle | DW News,2,9.12E-06,
Politifact - Telemundo,2,9.12E-06,
"Digital Forensics, Research and Analytics Center",2,9.12E-06,
Social Media Users,2,9.12E-06,
WWL TV,2,9.12E-06,
El detector/ Univision Noticias,2,9.12E-06,
Politifact-Noticias Telemundo,2,9.12E-06,
factly,2,9.12E-06,
Ana Pimentel,2,9.12E-06,
Diogo Teixeira Pereira,2,9.12E-06,
Kenyan Times,2,9.12E-06,
Regina L√≥pez Puerta,2,9.12E-06,
The Searchlight,2,9.12E-06,
V√≠tor Matos,2,9.12E-06,
Marina Ferreira,2,9.12E-06,
In√™s Santinhos Gon√ßalves,2,9.12E-06,
Beatriz Ferreira,2,9.12E-06,
David Dinis,2,9.12E-06,
Nuno Andr√© Martins,2,9.12E-06,
Ana Suspiro,2,9.12E-06,
Seth Moulton,2,9.12E-06,
El Detector / Univision Noticias ,2,9.12E-06,
dpa Deutsche Presse Agentur,2,9.12E-06,
D√©crypteurs (Radio-Canada),2,9.12E-06,
Bill de Blasio,2,9.12E-06,
Le foto che hanno segnato il corso della storia,2,9.12E-06,
Univision Noticias / El detector,2,9.12E-06,
Telemundo-Politifact,2,9.12E-06,
myth detector,2,9.12E-06,
Liputan6.com,2,9.12E-06,
FactCrescendo Thailand,2,9.12E-06,
faktyoxla,2,9.12E-06,
dpa ,2,9.12E-06,
Greg Steube,2,9.12E-06,
Ron Johnson,2,9.12E-06,
Marianne Williamson,2,9.12E-06,
FactCheck.org / El Detector ,2,9.12E-06,
Jim Farley,2,9.12E-06,
ÅEEÅEE∫ÅEEÅEE£ÅEE∫ÅEEÅEEØ¶ÅEEÅEE•ÅEE†∏ÅEE∏≠ÅEEøÅEE,2,9.12E-06,
notre-planete.info,2,9.12E-06,
Qadaruddin Shishir,2,9.12E-06,
Mamun Abdullah,2,9.12E-06,
Kallxo.com,2,9.12E-06,
 Factcrescendo Sri Lanka,2,9.12E-06,
LCI,2,9.12E-06,
C√©sar Dorado,2,9.12E-06,
Samedi Aguirre,2,9.12E-06,
Lokmat,2,9.12E-06,
Newtral.es,2,9.12E-06,
ElDetector/Univision Noticias,2,9.12E-06,
"Segundo dados imprecisos da FIFA, 183 jogadores de futebol tiveram colapsos e danos causados ao cora√ß√£o em 2021.",2,9.12E-06,
Digital Forensics Research and Analytics Center (DFRAC),2,9.12E-06,
https://twitter.com/cityface9/status/1396437631001563143?s=21),2,9.12E-06,
Deztsche Presse-Agentur,2,9.12E-06,
La Gauche M'a Tuer,2,9.12E-06,
Srijanee Chakraborty,2,9.12E-06,
Kumar S,2,9.12E-06,
Mohammad Salman,2,9.12E-06,
BOOM,2,9.12E-06,
–ÅEE–æ–∫—ÅEE –ß–µ–∫,2,9.12E-06,
Dpa,2,9.12E-06,
https://www.facebook.com/albert.otieno.16/posts/4406609982691376,1,4.56E-06,
https://www.facebook.com/photo/?fbid=346809516821229&set=gm.4071756346249387,1,4.56E-06,
https://twitter.com/RoadAlertsKE/status/1408361736546160640,1,4.56E-06,
https://www.facebook.com/permalink.php?story_fbid=122892796642672&id=105227191742566,1,4.56E-06,
https://www.facebook.com/groups/50756601582/posts/10157884045696583/,1,4.56E-06,
https://www.facebook.com/groups/441337183181016/posts/835486117099452/,1,4.56E-06,
https://www.facebook.com/WhispersNorth/posts/801456094063744,1,4.56E-06,
https://twitter.com/Real_Joe254/status/1409071088869556225,1,4.56E-06,
https://www.facebook.com/NationalEngineersPK/posts/344731330361578,1,4.56E-06,
https://www.facebook.com/100045435879016/posts/343646633826530,1,4.56E-06,
Derrick Kigen,1,4.56E-06,
Thip Media,1,4.56E-06,
Tai Nalon,1,4.56E-06,
FactRaker,1,4.56E-06,
Lisa Wambui,1,4.56E-06,
La joie de 2021,1,4.56E-06,
FACTLY        ,1,4.56E-06,
Rumor Scannner,1,4.56E-06,
ElDetector/ Univision Noticias/ Factchequeado,1,4.56E-06,
FCTLY,1,4.56E-06,
Mazed Mohammad,1,4.56E-06,
Deutsche Presse-Agentur Z√ºrich,1,4.56E-06,
Publication Facebook,1,4.56E-06,
Logically Fcats,1,4.56E-06,
ÅEE∏†ÅEE∏≤ÅEE∏ÅEEÅEEπÅEEÅEE∏•ÅEE∏∞ÅEE∏ÅEEÅEEπÅEEÅEE∏≠ÅEE∏ÅEEÅEE∏ßÅEE∏≤ÅEE∏°ÅEE∏ßÅEEπÅEEÅEE∏≤ÅEE∏°ÅEE∏±ÅEE∏™ÅEE∏¢ÅEE∏¥ÅEE∏ÅEEÅEEπÄÅEE∏ÅEEÅEE∏≤ÅEE∏¢ÅEE∏≤ÅEE∏¢ÅEEπÄÅEE∏ÅEEÅEE∏µÅEEπÅEEÅEE∏¢ÅEE∏ÅEEÅEE∏ÅEEÅEE∏∏ÅEE∏ÅEEÅEE∏£ÅEE∏∏ÅEE∏ÅEEÅEE∏ÅEEÅEEπÅEEÅEE∏≤ÅEE∏™ÅEE∏ÅEEÅEE∏ßÅEE∏ÅEEÅEEπÅEEÅEE∏•ÅEE∏∞ÅEE∏´ÅEEπÅEEÅEE∏≤ÅEE∏°ÅEE∏ÅEEÅEE∏≤ÅEE∏ßÅEE∏ÅEEÅEE∏∏ÅEE∏ÅEEÅEE∏ÅEEÅEEπÄÅEE∏ÅEEÅEEπÅEEÅEE∏≤ ÅEEÄÅEEÅEE∏ÅEEÅEE∏ßÅEE∏ÅEEÅEEπÅEEÅEE∏´ÅEEπÅEEÅEEπÄÅEE∏ÅEEÅEEπÅEEÅEE∏≤ÅEEπÅEEÅEE∏ÅEEÅEE∏ÅEEÅEE∏¥ÅEE∏ÅEEÅEEÄÅEE,1,4.56E-06,
Deutsche Presse-Agentur dpa ,1,4.56E-06,
Devesh Mishra,1,4.56E-06,
Sourit Sanyal,1,4.56E-06,
Mohd Salman,1,4.56E-06,
Runjay Kumar,1,4.56E-06,
Arunima Joshua,1,4.56E-06,
Sri Lakshmi Muttevi,1,4.56E-06,
FACTLY`,1,4.56E-06,
Logically,1,4.56E-06,
The Dispatch Fact Checkl,1,4.56E-06,
D√©crypteurs - Radio-Canada,1,4.56E-06,
Radio-Canada D√©crypteurs,1,4.56E-06,
FactRakers ,1,4.56E-06,
Reuters,1,4.56E-06,
"Youturn",1,4.56E-06,
Factcrescendo Srilanka ,1,4.56E-06,
Botos.org,1,4.56E-06,
FACTLYhttps://www.facebook.com/Nstarnews/posts/7324900240915818,1,4.56E-06,
El Detector,1,4.56E-06,
ElDetector / Univision Noticias,1,4.56E-06,
Rumor Scannerr,1,4.56E-06,
el Detector/ Univision Noticias,1,4.56E-06,
Fact Crescendo - Sri Lanka,1,4.56E-06,
elDetector/ Univision Noticias,1,4.56E-06,
Minhaj Aman,1,4.56E-06,
11Alive,1,4.56E-06,
NBS TV,1,4.56E-06,
Never Again Canada,1,4.56E-06,
Things You Didn't Know,1,4.56E-06,
https://www.facebook.com/photo.php?fbid=1979925788838921&set=a.352962448201938&type=3,1,4.56E-06,
https://ke.safaricomblack.com/TwrseaTrw/#1625738841671,1,4.56E-06,
Batos.org,1,4.56E-06,
DoƒÅEEruala,1,4.56E-06,
Factchequeado / Univision Noticias,1,4.56E-06,
Yourturn,1,4.56E-06,
El Detector/Univision Noticias,1,4.56E-06,
info-veritas,1,4.56E-06,
https://www.facebook.com/lereporterindependant/photos/a.102703385537652/204526245355365/?type=3,1,4.56E-06,
ÅEE¶≤ÅEE¶ÅEEÅEE¶øÅEE¶ÅEEÅEEßÅEEÅEE¶≤ÅEEßÄ ÅEE¶´ÅEEßÅEEÅEE¶ÅEEÅEEßÅEEÅEE¶ÅEEÅEE¶ÅEE ,1,4.56E-06,
Jam City Antifa,1,4.56E-06,
Keith Edwards,1,4.56E-06,
Ron Tusler,1,4.56E-06,
ÅEEÅEE¥ÅEEÅEE§ÅEEÅEEÅEEÅEEπÅEE,1,4.56E-06,
DPA,1,4.56E-06,
El Detector / Univision NoticiasFalso,1,4.56E-06,
ab,1,4.56E-06,
Factcresccendo Sri Lanka,1,4.56E-06,
El Detector  / Univision Noticias,1,4.56E-06,
Rumor scanner,1,4.56E-06,
FACTory,1,4.56E-06,
BBC Fact Check,1,4.56E-06,
fakt yoxla ,1,4.56E-06,
FACLY,1,4.56E-06,
https://www.facebook.com/permalink.php?story_fbid=1911531562343831&id=741147842715548,1,4.56E-06,
NieuwsCheckers,1,4.56E-06,
https://twitter.com/kipro_hon/status/1413407368654819328,1,4.56E-06,
https://www.facebook.com/BuyerBewareKE/posts/994303578007609,1,4.56E-06,
Sos Racisme- anti-blanc,1,4.56E-06,
https://www.facebook.com/wanjikurevolutionkenya/posts/3702257689879317,1,4.56E-06,
https://www.facebook.com/permalink.php?story_fbid=2915415335380378&id=100007358193592,1,4.56E-06,
https://twitter.com/geraldngaopk7/status/1415658868315668483,1,4.56E-06,
https://oficayuda.club/eIarKPty?_t=1626448025#,1,4.56E-06,
http://worldvision-recruiters.info/2021/07/urgent-mass-recruitment-by-world-vision-kenya-2/,1,4.56E-06,
https://www.facebook.com/adrian.pettitt.7/posts/4024874927582060,1,4.56E-06,
https://twitter.com/David_Murathe_/status/1415716741754277889,1,4.56E-06,
https://www.facebook.com/KuriaSKK/posts/322413309566122,1,4.56E-06,
https://twitter.com/Jamwanda2/status/1417109112773558280,1,4.56E-06,
FactuelTurquie en Force,1,4.56E-06,
Mike Johnson,1,4.56E-06,
Priorities USA,1,4.56E-06,
Ainsley Earhardt,1,4.56E-06,
FACTY,1,4.56E-06,
Factchequeado / El Detector ,1,4.56E-06,
Factcrescendo Sri  Lanka,1,4.56E-06,
FACTLYhttps://www.facebook.com/dishant.patel.75248795/posts/pfbid0DsBdnjv6Aj9tED4hZEVDMf77hHYXFLVFzgmAFJwFC9PWfE4cHiuRp5sZWw9W67Ffl,1,4.56E-06,
211 Check,1,4.56E-06,
John Cornyn,1,4.56E-06,
Ted Cruz,1,4.56E-06,
John Delaney,1,4.56E-06,
Chris Taylor,1,4.56E-06,
Jon Erpenbach,1,4.56E-06,
FACTLYÅEE∞ÅEEÅEE±Ä.ÅEE∞ÅEEÅEE∞∞ÅEE±ÅEE.ÅEE∞ÅEEÅEE∞∏ÅEE±ÅEE ÅEE∞™ÅEE∞æÅEE∞≤ÅEE∞®ÅEE∞≤ÅEE±ÅEE ÅEE∞™ÅEE±ÅEEÅEE∞≤ÅEE±ÄÅEE∞∏ÅEE±ÅEEÅEE∞®ÅEE±ÅEE ÅEE∞ÅEEÅEE±ÅEEÅEE∞ÅEEÅEE±ÅEEÅEE∞ÅEEÅEE∞øÅEE∞® ÅEE∞ÅEEÅEE∞ÅEE.ÅEE∞ÅEEÅEE∞≤ÅEE±ÅEE.ÅEE∞∏ÅEE±Ä ÅEE∞ÅEEÅEE±ÅEEÅEE∞°ÅEE±ÅEEÅEE∞ÅEEÅEE±ÅEE.,1,4.56E-06,
Australian Associated Press,1,4.56E-06,
Australian Associated Press ,1,4.56E-06,
Weston David Pagano,1,4.56E-06,
https://www.instagram.com/p/CQiSeWyNi_e/?utm_source=ig_embed&ig_rid=eba12b9b-8292-4ad1-836e-2db40033b886,1,4.56E-06,
https://www.facebook.com/groups/258663640892029/posts/4110948928996795/,1,4.56E-06,
Waziri Waziri ,1,4.56E-06,
Mike Mbuvi,1,4.56E-06,
The Dispatch Fact C heck,1,4.56E-06,
James Cole,1,4.56E-06,
AFP Factual,1,4.56E-06,
Factual M√∫ltiples fuentes,1,4.56E-06,
FactualMultiple sources,1,4.56E-06,
KSAT - Trust Index ,1,4.56E-06,
WKMG - Trust Index ,1,4.56E-06,
USa Today,1,4.56E-06,
Deutsche Presee-Agentur,1,4.56E-06,
PDP Nigeria,1,4.56E-06,
Jimmy Anderson,1,4.56E-06,
Ilhan Omar,1,4.56E-06,
Instagram post,1,4.56E-06,
NewsMobile ,1,4.56E-06,
AFP - Noticias Telemundo,1,4.56E-06,
El  Detector / Univision Noticias,1,4.56E-06,
Detector / Univision Noticias,1,4.56E-06,
Logially Facts,1,4.56E-06,
Fact Crecendo Cambodia,1,4.56E-06,
Deutscher Presse-Agentur,1,4.56E-06,
Escenario Tlaxcala,1,4.56E-06,
News4Jax - Trust Index,1,4.56E-06,
Laurent Kasprowicz,1,4.56E-06,
AFPFactuel,1,4.56E-06,
Bernard-Henri L√©vy,1,4.56E-06,
Hon Rechael Ruto Mbs,1,4.56E-06,
David Maina Ndung'u,1,4.56E-06,
APA,1,4.56E-06,
Kwaela News Network,1,4.56E-06,
Tooro News ,1,4.56E-06,
BR24 ,1,4.56E-06,
youtuuurn,1,4.56E-06,
Fact Crescnedo Sri lanka,1,4.56E-06,
Fact Cresendo Cambodia,1,4.56E-06,
TjekDet.dk,1,4.56E-06,
El detector / Univision Noticias ,1,4.56E-06,
dpa-factchecking.com,1,4.56E-06,
NTV News Kenya,1,4.56E-06,
Fact cRescendo Thailand,1,4.56E-06,
DW NEws,1,4.56E-06,
youtrn,1,4.56E-06,
yuturn,1,4.56E-06,
Oklahoma Watch,1,4.56E-06,
https://www.fastcheck.cl/2024/02/02/nicolas-maduro-dijo-ya-no-dependemos-ni-de-gringos-nuestros-soldados-que-estan-en-peru-chile-ecuador-estan-demostrando-de-lo-que-somos-capaces-enganoso/,1,4.56E-06,
Fact Crescendo Thai,1,4.56E-06,
The Dispatch Fact Ch,1,4.56E-06,
FATCLY,1,4.56E-06,
Verify-sy,1,4.56E-06,
Logically Fatcs,1,4.56E-06,
Factcrescnedo SL,1,4.56E-06,
FactuelAFP Factuel,1,4.56E-06,
Fact CheckMTL Blog,1,4.56E-06,
Publications Facebook,1,4.56E-06,
Multiple social media posts,1,4.56E-06,
ÅEE≤≤ÅEE≤æÅEE≤ÅEEÅEE≤øÅEE≤ÅEEÅEE≤≤ÅEE≤ø  ÅEE≤´ÅEE≥ÅEEÅEE≤ØÅEE≤æÅEE≤ÅEEÅEE≥ÅEEÅEE≤ÅEEÅEE≥ÅEEÅEE≤∏ÅEE≥ÅEE ,1,4.56E-06,
Convoca.pe,1,4.56E-06,
ÅEE≤≤ÅEE≤æÅEE≤ÅEEÅEE≤øÅEE≤ÅEEÅEE≤≤ÅEE≤ø  ÅEE≤´ÅEE≥ÅEEÅEE≤ØÅEE≤æÅEE≤ÅEEÅEE≥ÅEEÅEE≤ÅEEÅEE≥ÅEEÅEE≤∏ÅEE≥ÅEE,1,4.56E-06,
El detector / Uivision Noticias,1,4.56E-06,
AFP - Telemundo,1,4.56E-06,
Noticias Telemundo ,1,4.56E-06,
Myth detector,1,4.56E-06,
HKBU Fact Check,1,4.56E-06,
Opera News,1,4.56E-06,
Akothee Kenya,1,4.56E-06,
Abdullahi Abdi,1,4.56E-06,
Nushaiba Iqbal,1,4.56E-06,
Prachi Salve,1,4.56E-06,
Ayswarya Murthy,1,4.56E-06,
El Sabueso,1,4.56E-06,
Sara Antunes de Oliveira,1,4.56E-06,
FAVTLY,1,4.56E-06,
Fact Crescendo Sri Lankahttps://archive.vn/zG2bN,1,4.56E-06,
El detector/WhatsApp,1,4.56E-06,
NPR,1,4.56E-06,
FACTLYhttps://www.facebook.com/permalink.php?story_fbid=2730852620511927&id=100007616475868,1,4.56E-06,
Varias fuentes,1,4.56E-06,
AFP Fact-check,1,4.56E-06,
The Italian American Page,1,4.56E-06,
Flight CARGO,1,4.56E-06,
Mohamed Abdi Mohamud,1,4.56E-06,
Several job opportunities available in Kenya,1,4.56E-06,
Preeti Chauhan,1,4.56E-06,
Nicholas Laca Kimzy,1,4.56E-06,
Capital FM Kenya,1,4.56E-06,
Sucre Abdirashid Said,1,4.56E-06,
FLAME TV Kenya,1,4.56E-06,
Nyamira County,1,4.56E-06,
Dicko,1,4.56E-06,
CGTN Africa,1,4.56E-06,
Abu Sakeena,1,4.56E-06,
City News,1,4.56E-06,
"Dr Boni Khalwale, CBS",1,4.56E-06,
Wood Pecker Crafts,1,4.56E-06,
Robert Alai,1,4.56E-06,
KING 5,1,4.56E-06,
Bruno Horta,1,4.56E-06,
Jos√© Pedro Mozos,1,4.56E-06,
KREM,1,4.56E-06,
Caroline Mutoko ,1,4.56E-06,
Gokchat.com,1,4.56E-06,
254News.live,1,4.56E-06,
Epko Ruth Natural Health and Beauty Tips ,1,4.56E-06,
Jamila Mbugua ,1,4.56E-06,
Nickson Abubakar ,1,4.56E-06,
"Cyprian Is, Nyakundi ",1,4.56E-06,
Peter Mwangi ,1,4.56E-06,
Florence Njoroge,1,4.56E-06,
Buda Obamah Ni,1,4.56E-06,
Rashid Abdallah ,1,4.56E-06,
Nai Haps,1,4.56E-06,
https://www.facebook.com/mbatia.kenyatta/posts/342383037309320,1,4.56E-06,
https://www.facebook.com/Bitokgerald/photos/a.3366305173409516/5849185358454806/,1,4.56E-06,
https://www.facebook.com/KCB-Bank-Investment-Kenya-110421554599753,1,4.56E-06,
https://www.facebook.com/groups/324181444956882/permalink/793074878067534,1,4.56E-06,
https://www.facebook.com/tuk.bigwig.58/posts/516360772827105,1,4.56E-06,
https://www.facebook.com/permalink.php?story_fbid=309770167372898&id=103459658003951,1,4.56E-06,
https://www.facebook.com/photo?fbid=130537799137211&set=a.107401374784187,1,4.56E-06,
https://www.facebook.com/ndeto.cararuku/posts/278063744025769,1,4.56E-06,
https://www.facebook.com/groups/2280957195532825/permalink/2560274910934384,1,4.56E-06,
https://20gb-free-data.get-fundz.xyz/#1621949075407,1,4.56E-06,
https://www.facebook.com/mpmusyimi/,1,4.56E-06,
https://www.facebook.com/photo?fbid=864891170767969&set=a.133840563873037,1,4.56E-06,
https://twitter.com/VeronicamainaSG/status/1399397484250775556,1,4.56E-06,
Liliana Valente,1,4.56E-06,
Nuno Vinha,1,4.56E-06,
Ana Cristina Marques,1,4.56E-06,
Ana Luisa Bernardino,1,4.56E-06,
C√°tia Rocha,1,4.56E-06,
Adriana Alves,1,4.56E-06,
Mariano Mangas,1,4.56E-06,
WGRZ,1,4.56E-06,
JP Tripathi,1,4.56E-06,
Bruno Roseiro,1,4.56E-06,
Diana Rosa,1,4.56E-06,
Vasudha Beri,1,4.56E-06,
Brenda Torres,1,4.56E-06,
Dharmasena NN,1,4.56E-06,
Catarina Falc√£o,1,4.56E-06,
Sandesh Thorve,1,4.56E-06,
Deutsche Prese-Agentur,1,4.56E-06,
Youturm,1,4.56E-06,
https://twitter.com/KomudhoJ/status/1389225458479341574,1,4.56E-06,
https://www.facebook.com/photo/?fbid=378287556994382&set=a.255155602640912,1,4.56E-06,
https://www.facebook.com/groups/277957155643881/posts/3936774643095429,1,4.56E-06,
https://www.facebook.com/100057667377024/posts/243032990962278,1,4.56E-06,
https://www.facebook.com/maska.began/posts/502176444544845,1,4.56E-06,
https://www.facebook.com/permalink.php?story_fbid=1856162567899552&id=100005174791554,1,4.56E-06,
https://twitter.com/i___amfinest/status/1399978422504460294,1,4.56E-06,
https://twitter.com/KapaiStv/status/1409057502847774726,1,4.56E-06,
https://www.facebook.com/groups/300642863326203/permalink/4199748643415586,1,4.56E-06,
https://www.facebook.com/ChicLuxury/posts/3421615177941354,1,4.56E-06,
https://www.facebook.com/groups/600507693729102/permalink/1201381933641672/,1,4.56E-06,
https://www.youtube.com/watch?v=R3pL7EBnz68,1,4.56E-06,
Mongolian Fact Checking Center,1,4.56E-06,
12 News,1,4.56E-06,
marti_o,1,4.56E-06,
Vaibhav Bhujang,1,4.56E-06,
https://www.facebook.com/groups/150280883458822/posts/331218708698371,1,4.56E-06,
https://maishatv.com/ex-iebc-ceo-ezra-chiloba-has-died-of-testicular-cancer/,1,4.56E-06,
https://www.facebook.com/permalink.php?story_fbid=107346814852984&id=107311124856553,1,4.56E-06,
https://www.facebook.com/groups/662517423880077/permalink/2361141387350997/,1,4.56E-06,
https://www.facebook.com/permalink.php?story_fbid=107186291596526&id=107181511597004,1,4.56E-06,
https://www.instagram.com/p/CQP_VQzFJpy/,1,4.56E-06,
https://www.facebook.com/photo?fbid=838563483762417&set=a.314869802798457,1,4.56E-06,
https://www.facebook.com/groups/kenyapolitforum/permalink/2848055742159862/?__xts__[0]=68.ARDKxbSi1FZJ9CFKlPn1zmF7BQj_CpiOHSuqTy6TcDKLf1MLxAp521-SekdXsAKie8FTRgd_TeT-M5ACacxW3L1OcHN3TyLxmPGfxV9e-xKrIdwhjMiqopDBNXpJEvrCNm5vY_ddBkKTLWz1UI9Xi8u1DOBLgHn8CwKAu2IbVWzOysgQzGcCDV8j_Q46EoQpW_DGrlwUK6PIJ8N9TCwjA-e54KvSjv_Y2wegbNmdY0kaxUCNGn4fEQnB98S3dWhNDOhsaQtKLLDAXjtHmHIgd00gAfOLFKdvcCMb,1,4.56E-06,
https://onleft.top/YCcr10p5/facebook-mo/?_t=1627029912evt#1627031120191,1,4.56E-06,
https://www.facebook.com/timo.ruto.7/posts/3083276615225475,1,4.56E-06,
https://www.facebook.com/keepitrealkips/posts/272103478017346,1,4.56E-06,
https://www.facebook.com/permalink.php?story_fbid=111251847898919&id=108605601496877,1,4.56E-06,
https://twitter.com/lynne_soi/status/1413406900461387776,1,4.56E-06,
https://twitter.com/KapaiStv/status/1414861754526539778,1,4.56E-06,
https://www.facebook.com/CordEffects/posts/3119372254854360,1,4.56E-06,
https://www.facebook.com/103459658003951/photos/a.103472178002699/304786957871219?type=3&__xts__[0]=68.ARB-GRatl2KO7zb9N4kaU6jlQZI-O90ZGTV3t-_3ofyzNJ6A2dmL8s1ozOq6WBE8FOQQbh2-h7qt-ep1wQEudlSnkEjxsGwuBP_77m7DMbvGT918zPnun0QBJLI6obdB_aAYEYQjxGxmdiKQg4nPq5sTwX9XUVXI4RvmbJXBsRzQO6BpByACUnxVr7-63k8DH95yuJn6BfPU7ixDQRAXnkHCoC6-zq8DtA1px0I8N3OEHTqY2ATqy4Pvv25FcXAt6UDLRSZYnPs9VLn-GmGXpF7AIgdfnMwp,1,4.56E-06,
https://mpasho-news.com/2021/07/14/breaking-news-kisumu-governor-peter-anyang-nyongo-succumbs-to-prostate-cancer-3/,1,4.56E-06,
Deutsch Presse-Agentur,1,4.56E-06,
eTOQUE,1,4.56E-06,
Salud con lupa,1,4.56E-06,
https://www.facebook.com/arfsBlog/posts/326428128847440,1,4.56E-06,
https://twitter.com/KOT_Loyals/status/1397596732322631680,1,4.56E-06,
https://www.facebook.com/seniorhaso.haso/posts/978462489626512,1,4.56E-06,
https://twitter.com/gurlbehindthisb/status/1396478332988911626,1,4.56E-06,
https://www.facebook.com/maska.began/posts/503166747779148,1,4.56E-06,
https://www.facebook.com/photo?fbid=10221642475625862&set=a.1529894081966,1,4.56E-06,
https://www.facebook.com/Wamala-Balunabba-News-Anchor-679146299163321/photos/pcb.1164120507332562/1164120390665907/,1,4.56E-06,
https://www.facebook.com/groups/ScienceMemes/permalink/992976151515110/?__xts__[0]=68.ARB2cOntlYgeuWbnlQapZ3OgqltgOAbkmRsy9QJas8RM3sN10C3qiDrXHFDmNFYFC_BT0S91gT66FlNmBhTqB97RnrO094wP9PwiOlbqleHgzPQeFBBtAT4Rk92AEznoRw8Ncffyc6Mnv0bPHKEhkkabONRrOlCmfAPGsIbD1roBOQA31wTk1up9BLc-PhYBea3XLKokwRXZtWYWtvHdtceNvLC8jRkRYUxScseTZrnS7HT26AWHv1GNXzbqDOUi_U0F0Tn1uy8jqerJE1sX3tOKW0X79Dmflw),1,4.56E-06,
https://www.facebook.com/photo.php?fbid=302135788053202&set=gm.2623326997961585&type=3&eid=ARD4c5zbB8NP6D4hwe6r9QwBmtK2xHPjvrTTtGJpVMKHvCrsKSPXWhnlvA9pRDkVF8ofsU47H5CHeMIK&__xts__[0]=68.ARB3MGE95uWqT-Uq2Tmq8A99f_yH_Z6Cs-wABJn7mTNKx83w2VzNz-0fWzpTXg0LzpOCrahpDj4z4uQJeEUNQ7iNUVCXtjIvCAKYE1YSKs4uG5vZIeuXstH97Zs0u4unZEzDDwxOz1wNUrII32KPwO-_sPMhzWlLstErhS5MZiYzVa443VaeQBmkMJzpd1lReuX4Ppn495ikK7HODPSzFEJSEouX4FWm4zqxbWqa97ZBpy2MmWAUiQpZyYe0HtbzB-_IUO3J4bw0PDKoedTt_tDbTfMP6eabVK-9,1,4.56E-06,
https://twitter.com/LindahOguttu_/status/1400804381365358593,1,4.56E-06,
https://www.facebook.com/104367681283731/posts/327684252285405,1,4.56E-06,
https://www.facebook.com/sandrah.kimani.3/posts/151725820332575,1,4.56E-06,
https://docs.google.com/forms/d/e/1FAIpQLSc6Am7vE0V_Xss2NMe0vR8A_IYWTVbadCkiJhhGG7dIlNyEAw/viewform,1,4.56E-06,
FACCTLY,1,4.56E-06,
Politifact / Noticias Telemundo,1,4.56E-06,
Noticias Telemundo /Politifact,1,4.56E-06,
Mike Mbuvi Sonko Govonor,1,4.56E-06,
https://www.facebook.com/photo?fbid=312700673659435&set=a.104896214439883,1,4.56E-06,
https://www.facebook.com/groups/2003187556569968/permalink/2870667129822002,1,4.56E-06,
https://www.facebook.com/photo/?fbid=2949316078621144&set=basw.Abr6ujuy_J8evNO5ExvwhljVia2YpEwIVq4SIm1XLWvIBQedoWpd_S5dtbag0Qr7dTrt_I462x4NxaC_jRU9vlRqOOas-nRyT5Z6SSIlDQkcxIzgj9O7tRqiFwNzmjxw1QacZqPhYnrhzjVWsnuesRUVaL4x3o48dZ5N7yEL3d0ixw&opaqueCursor=AbqGotYmpkF_0inxkexNShD1MuTKQ9Pzn-7SBQN_NifIn_6ay3WrQGEL46Aw7mDGXW92ScusxboPgiZ5rl5HgNJuRtKvM2OC5HVT5RKVk6WKmTdCsghkigfpp3untGiriLcYYyelcLNUK3eNLFUl9EfirBzVnWqDWun0vMbVXuSlNR11AfN8RLxUn1fqL2kapGw7KzJelNm5IH4MgszANzmR9-4dA5Ig4OMPdGdlFH_3QEwTAiXwta9_pkVRhuJaQyM6hO0Mw_HWh2VWukT73JviB1c64j6F390LecCUmUXfl-mK9Sk8jLUQGi_QQvuQ53EnQNnDYK0NfNSACWl25bmQRlTjDRae1Qv1-bFGIDsuo9wqJFXrlwCrgR6nt6ejSyDgPJVOI_SSo6PmWCtHyR5MJCODTsxm8O5_fFn3CGgRpHaYiHj9eKdXyGi9nxycwDe_-wQxapUK1tcu35wjL8Bfe6viECouGTwrluvdUGPXrhd7RwHNmUY7YrrKHZQ-p7s2pkttfQ9NJ97BDtrMSvKrrdG1nycb5qik3DWZIQpKtr4YSzmQue4EpkTWqiNKMfJ8J7xNVqybZBSRhm0IBP9-mfvycPzZnN9CN3Vu_4XiaygSvdx-Lo__rw86HUsfafzV_QEaj7u1YPvqR0H4t32RHhyQ99wjHFrvVi_qtt8gE1EU55_799uX8MwS7ILwFfrF372FumhgoeV3blga3ef5D8m0uDi-zXbNXZQM-4p4RKN0yy1b5-untqsA9mFbZ3M4U8PjWKPTcu7z7nkPg5N8Dmemy9EHaNhnDh4gLsluLaT-3ld7uH4R9BA6WuR2YnKTcaYFauBPDbRyT0WkXykUmJNjUu4dDS1Lc5XoEoYymwAWnBF_O_kAmMkU2UocqTyQJ0qgjXIBE6fcYGbvjxNGnfwukIYLMu_semQZwV93Nz9yZ90bGd5yMGbLlgLaHZ053XBprFLk3XO5LI0LFfF2pIbv9vCdVRQJIuaAaVE5Cq1MZZtEgVxvowpdPwLFTkcoJc5JBcyOPh3A8Hl9owFlVTausgyXu_-Cn0YQRLs7cc2bS8xHnrHftHmRIzDQXN4,1,4.56E-06,
https://www.facebook.com/makogidi.kwame/posts/541084833943985,1,4.56E-06,
https://www.facebook.com/RongaiKenya/posts/3777944742332980,1,4.56E-06,
https://twitter.com/limorio_/status/1395792365638586370,1,4.56E-06,
"""Quickmart Supermarket""",1,4.56E-06,
Gerald Bitok,1,4.56E-06,
Daktari Mugambi Aruyaru,1,4.56E-06,
Gordwin Agutu,1,4.56E-06,
Eng Mokogoti,1,4.56E-06,
The Dispatch Fact Check ,1,4.56E-06,
factcrescendo srilanka,1,4.56E-06,
Reuters Fact Check,1,4.56E-06,
VERA Files ,1,4.56E-06,
The Healthy Indian Project (THIP.Media),1,4.56E-06,
Lilian Nekesa ,1,4.56E-06,
Timawus Mathias ,1,4.56E-06,
Martha Koome,1,4.56E-06,
Zee News English,1,4.56E-06,
Tony's Drone,1,4.56E-06,
Exclusive Kenya,1,4.56E-06,
BR24 Faktenfucs,1,4.56E-06,
Lavoce.info,1,4.56E-06,
Yonhap News Agency,1,4.56E-06,
FACTCLY,1,4.56E-06,
Fact Cresccendo Sri Lanka,1,4.56E-06,
Fact Crescendo Afghanistan,1,4.56E-06,
Beto OÅEEÄÅEERourke ,1,4.56E-06,
Tweets,1,4.56E-06,
Chelsea Handler,1,4.56E-06,
C√©sar Blanco ,1,4.56E-06,
DUBAWS,1,4.56E-06,
The Quint,1,4.56E-06,
YouTurn,1,4.56E-06,
Falso,1,4.56E-06,
Pedro S√°nchez,1,4.56E-06,
FACRLY,1,4.56E-06,
Tempo,1,4.56E-06,
Radio-Canada ,1,4.56E-06,
Open.online,1,4.56E-06,
ÅEE†ÅEEÅEEÅEEÅEEÅEE≤Ω ÅEE∏∞ÅEEÅEEÅEE / SBS ÅEEÅEE¥ÅEEÅEE§,1,4.56E-06,
ÅEE∞ÅEEÅEEÅEE∏ÅEEÅEE© ÅEE∏∞ÅEEÅEEÅEE / SBS ÅEEÅEE¥ÅEEÅEE§,1,4.56E-06,
YouturnÅEEÆÅEEÅEEÆæÅEEÆµÅEEÆ≤ÅEEØÅEEÅEEÆ§ÅEEØÅEEÅEEÆ±ÅEEØÅEEÅEEÆØÅEEØÅEE ÅEEÆ§ÅEEØÅEEÅEEÆ≤ÅEEØÅEEÅEEÆÅEEÅEEØÅEEÅEEÆÅEEÅEEÆ©ÅEEÆøÅEEÆÅEEÅEEÆÆÅEEØÅEE ÅEEÆÅEEÅEEÆ∞ÅEEØÅEEÅEEÆ®ÅEEØÅEEÅEEÆ§ÅEEØÅEE ÅEEÆÅEEÅEEÆæÅEEÆ™ÅEEØÅEEÅEEÆ™ÅEEÆæÅEEÆ±ÅEEØÅEEÅEEÆ± ÅEEÆÅEEÅEEØÅEEÅEEÆ©ÅEEØÅEEÅEEÆ± ÅEEÆÅEEÅEEÆæÅEEÆµÅEEÆø ÅEEÆÅEEÅEEÆÅEEÅEEÆøÅEEÆ§ÅEEØÅEEÅEEÆ§ÅEEØÅEEÅEEÆÅEEÅEEØÅEE ÅEEÆÅEEÅEEØÅEEÅEEÆ≤ÅEEØÅEEÅEEÆ≤ÅEEÆ™ÅEEØÅEEÅEEÆ™ÅEEÆÅEEÅEEØÅEEÅEEÆÅEEÅEEÆæÅEEÆ∞ÅEEØÅEE. ÅEEÆ™ÅEEÆøÅEEÆÅEEÅEEØÅEEÅEEÆ™ÅEEÆø ÅEEÆÅEEÅEEÆ©ÅEEØÅEEÅEEÆ©ÅEEØÅEEÅEEÆÆÅEEØÅEE ÅEEÆµÅEEØÅEEÅEEÆÅEEÅEEÆøÅEEÆÅEEÅEEØÅEEÅEEÆÅEEÅEEØÅEE ÅEEÆ™ÅEEÆæÅEEÆ∞ÅEEØÅEEÅEEÆ§ÅEEØÅEEÅEEÆ§ÅEEÆæÅEEÆ≤ÅEEØÅEE ÅEEÆÅEEÅEEÆ©ÅEEØÅEEÅEEÆ© ÅEEÆ®ÅEEÆøÅEEÆØÅEEÆæÅEEÆØÅEEÆÆÅEEØÅEE.,1,4.56E-06,
Michael Kearns,1,4.56E-06,
Ta-Nehisi Coates,1,4.56E-06,
"Mark Pocan, ",1,4.56E-06,
Big League Politics,1,4.56E-06,
Travis County Republican Party,1,4.56E-06,
State Sen. John Flanagan,1,4.56E-06,
Michael Burgess,1,4.56E-06,
Pete Buttigieg,1,4.56E-06,
Rick Scott,1,4.56E-06,
Ken Cuccinelli,1,4.56E-06,
Donna Campbell,1,4.56E-06,
Donna Shalala,1,4.56E-06,
John Ratcliffe,1,4.56E-06,
Breitbart,1,4.56E-06,
National Rifle Association,1,4.56E-06,
Roland Martin,1,4.56E-06,
https://survivalfund.online/CBN/#1623254508926,1,4.56E-06,
https://twitter.com/CisNyakundi/status/1402508020505063425,1,4.56E-06,
https://twitter.com/charleeoddie1/status/1401796570992025601,1,4.56E-06,
https://twitter.com/_cheruiyott/status/1402211158375948294,1,4.56E-06,
https://twitter.com/StellaNanjala6/status/1402198330747277314?s=20,1,4.56E-06,
https://www.facebook.com/mlungulareload/photos/a.1448122045479100/2740355549589070/?type=3,1,4.56E-06,
https://twitter.com/_iAlen/status/1403697588935827459,1,4.56E-06,
https://covid19support.free-fund.online/#1624004249447,1,4.56E-06,
https://www.facebook.com/photo?fbid=320692836257867&set=a.115872440073242,1,4.56E-06,
https://www.facebook.com/cheruiyot.erick.94/posts/1610898909101429,1,4.56E-06,
https://twitter.com/HonSsegirinyaMu/status/1405845345201012737,1,4.56E-06,
https://www.facebook.com/groups/332006670847882/permalink/787325881982623/,1,4.56E-06,
https://twitter.com/nzaupriscilla/status/1406485242504941568,1,4.56E-06,
Terry McAuliffe,1,4.56E-06,
Andrew Yang,1,4.56E-06,
Colombia Check,1,4.56E-06,
FACTLY ÅEE∞§ÅEE∞ÆÅEE±ÅEEÅEE∞ÆÅEE±ÅEEÅEE∞°ÅEE±ÅEE ÅEE∞ÅEEÅEE∞ØÅEE∞øÅEE∞® ÅEE∞∞ÅEE∞æÅEE∞ÆÅEE±ÅEEÅEE∞ÆÅEE±ÅEEÅEE∞∞ÅEE±ÅEEÅEE∞§ÅEE∞ø ÅEE∞®ÅEE∞æÅEE∞ØÅEE±ÅEEÅEE∞°ÅEE±ÅEE ÅEE∞®ÅEE∞ø ÅEE∞ÅEEÅEE∞ÅEEÅEE∞¶ÅEE±ÅEEÅEE∞∞ÅEE∞¨ÅEE∞æÅEE∞¨ÅEE±ÅEE ÅEE∞®ÅEE∞æÅEE∞ØÅEE±ÅEEÅEE∞°ÅEE±ÅEE ÅEE∞ÅEEÅEE±ÅEEÅEE∞≤ÅEE±ÅEEÅEE∞∏ÅEE±ÅEEÅEE∞≤ÅEE∞§ÅEE±ÅEE ÅEE∞ÅEEÅEE∞ÅEEÅEE±ÅEEÅEE∞ÅEEÅEE±ÅEEÅEE∞∏ÅEE∞æÅEE∞°ÅEE±ÅEE,1,4.56E-06,
Barack Obama,1,4.56E-06,
Taylor Swift,1,4.56E-06,
Michael Bennet,1,4.56E-06,
Sean Hannity,1,4.56E-06,
Conservative Daily Post,1,4.56E-06,
Jimmy Kimmel,1,4.56E-06,
Ray Cross,1,4.56E-06,
Ron Johnson ,1,4.56E-06,
Brian Kolfage,1,4.56E-06,
Factchecking.cl,1,4.56E-06,
Charles Payne,1,4.56E-06,
Florida Democratic Party,1,4.56E-06,
https://50gbfree.whatsappdata.com/,1,4.56E-06,
http://tewtre.cobalt6.net/amaz/index.php#1623218717705,1,4.56E-06,
https://www.facebook.com/107840538174008/photos/a.107840664840662/107841288173933,1,4.56E-06,
boatos.org,1,4.56E-06,
Ungu Mwendia M'Inyingi,1,4.56E-06,
Tycoonew Kenya,1,4.56E-06,
 Cocacolacasuals.com,1,4.56E-06,
Brigette Hall,1,4.56E-06,
Detusche Presse-Agentur,1,4.56E-06,
Mygopen,1,4.56E-06,
PolitiFact Missouri,1,4.56E-06,
BBC,1,4.56E-06,
BBC News Marathi,1,4.56E-06,
bbc news punjabi,1,4.56E-06,
CNN,1,4.56E-06,
BBC Delhi,1,4.56E-06,
BBC Hind,1,4.56E-06,
FACTLY ÅEE∞∏ÅEE±ÅEEÅEE∞µÅEE±ÄÅEE∞°ÅEE∞®ÅEE±ÅEE ÅEE∞ÅEEÅEE∞ø ÅEE∞ÅEEÅEE±ÅEEÅEE∞ÅEEÅEE∞¶ÅEE∞øÅEE∞® ÅEE∞™ÅEE∞§ÅEE±ÅEEÅEE∞∞ÅEE∞øÅEE∞ÅEE ÅEE∞ÅEEÅEE∞≠ÅEE∞øÅEE∞®ÅEE∞ÅEEÅEE∞¶ÅEE∞®ÅEE±ÅEE ÅEE∞®ÅEE∞ø ÅEE∞™ÅEE∞æÅEE∞ÅEEÅEE∞øÅEE∞∏ÅEE±ÅEEÅEE∞§ÅEE∞æÅEE∞®ÅEE±ÅEE ÅEE∞µÅEE∞øÅEE∞°ÅEE∞øÅEE∞ÅEEÅEE∞øÅEE∞™ÅEE±ÅEEÅEE∞ÅEEÅEE±ÅEEÅEE∞ÅEEÅEE∞°ÅEE∞æÅEE∞®ÅEE∞øÅEE∞ÅEEÅEE∞ø ÅEE∞ÅEEÅEE∞≤ ÅEE∞ÅEEÅEE∞æÅEE∞∞ÅEE∞£ÅEE∞æÅEE∞≤ÅEE∞§ÅEE±ÅEE ÅEE∞ÅEEÅEE±ÅEEÅEE∞°ÅEE∞øÅEE∞® ÅEE∞ÅEEÅEE∞ÅEE ÅEE∞ÅEEÅEE∞•ÅEE∞®ÅEE∞ø ÅEE∞™ÅEE±ÅEEÅEE∞∞ÅEE∞ÅEEÅEE±ÅEEÅEE∞∞ÅEE∞øÅEE∞ÅEEÅEE∞ÅEEÅEE∞øÅEE∞ÅEEÅEE∞¶ÅEE∞ø,1,4.56E-06,
FALSE,1,4.56E-06,
Kimeli Kanus Dominic ,1,4.56E-06,
Bufale.net,1,4.56E-06,
Matseshe Alfayo,1,4.56E-06,
Ellinika Hoaxes,1,4.56E-06,
Alice Aoko,1,4.56E-06,
Bufale ,1,4.56E-06,
Deutsche PResse-Agentur ,1,4.56E-06,
Fact Cresccendo ,1,4.56E-06,
Logically FactsV,1,4.56E-06,
https://www.fastcheck.cl/2023/12/11/cerca-de-230-municipios-dependen-en-mas-del-50-del-fondo-comun-municipal-real/,1,4.56E-06,
FACTLY  ,1,4.56E-06,
Dyth Detector,1,4.56E-06,
Fact Crescendo Sri lanka,1,4.56E-06,
"YouturnÅEEÆÅEEÅEEÆ™ÅEEØÅEEÅEEÆ™ÅEEÆæÅEEÆÅEEÅEEÆæ.. ÅEEÆÅEEÅEEÆ§ÅEEØÅEEÅEEÆÅEEÅEEØÅEEÅEEÆÅEEÅEEØÅEEÅEEÆ∞ÅEEØÅEE ÅEEÆµÅEEÆøÅEEÆÅEEÅEEÆøÅEEÆµÅEEØÅEE ÅEEÆ™ÅEEÆøÅEEÆ±ÅEEÆ®ÅEEØÅEEÅEEÆ§ÅEEÆøÅEEÆ∞ÅEEØÅEEÅEEÆÅEEÅEEØÅEEÅEEÆÅEEÅEEÆø. ÅEEÆ®ÅEEØÄÅEEÆÅEEÅEEØÅEEÅEEÆÅEEÅEEÆ≥ÅEEØÅEE ÅEEÆÅEEÅEEØÅEEÅEEÆ∞ÅEEØÅEEÅEEÆ©ÅEEÆæ ÅEEÆÅEEÅEEÆæÅEEÆ≤ÅEEÆ∞ÅEEØÅEE ÅEEÆÅEEÅEEÆøÅEEÆØÅEEØÅEEÅEEÆ©ÅEEØÅEE ÅEEÆ®ÅEEØÄÅEEÆÅEEÅEEØÅEEÅEEÆÅEE ÅEEÆµÅEEÆøÅEEÆ∞ÅEEØÅEEÅEEÆÆÅEEØÅEEÅEEÆ™ÅEEÆøÅEEÆ©ÅEEÆæÅEEÆ≤ÅEEØÅEE.  *If You Want To Remove Pre- RBT (Corona Caller Tune)* Airtel ÅEEÄÅEE *646*224# , BSNL ÅEEÄÅEE UNSUB 56700 (SMS) , IDEA ÅEEÄÅEE STOP 155223 (SMS) , VODAFONE ÅEEÄÅEE CANCT 144 (SMS) , JIO ÅEEÄÅEE STOP 155223 (SMS) . ÅEEÆÅEEÅEEÆ©ÅEEØÅEEÅEEÆµÅEEÆ∞ÅEEØÅEEÅEEÆÆÅEEØÅEE ÅEEÆÅEEÅEEÆ§ÅEEØÅEE ÅEEÆ™ÅEEÆØÅEEÆ©ÅEEØÅEEÅEEÆ™ÅEEÆÅEEÅEEØÅEEÅEEÆ§ÅEEØÅEEÅEEÆ§ÅEEÆø deactive ÅEEÆ™ÅEEÆ£ÅEEØÅEEÅEEÆ£ÅEEØÅEEÅEEÆÅEEÅEEØÅEEÅEEÆÅEE..",1,4.56E-06,
FACLTY,1,4.56E-06,
Myth Detectot,1,4.56E-06,
Eric Omondi,1,4.56E-06,
Lawrence Kagema,1,4.56E-06,
Rohit Kumar,1,4.56E-06,
Ashish Bhosale,1,4.56E-06,
S√©rgio Spagnuolo,1,4.56E-06,
Lu√≠s Felipe dos Santos,1,4.56E-06,
Kevin Kiarie,1,4.56E-06,
Deutsche Presse-Agenur ,1,4.56E-06,
Stuchey Gee,1,4.56E-06,
cov-funds.com,1,4.56E-06,
https://www.facebook.com/ndam.demiah.9/posts/257985102481876,1,4.56E-06,
https://www.facebook.com/ZuchuNewsDesk/,1,4.56E-06,
https://twitter.com/KenyaNature_1/status/1406183536961495040,1,4.56E-06,
https://twitter.com/Abukarawale/status/1406504904714240000,1,4.56E-06,
https://twitter.com/Mukhisakenya/status/1406175416977608706,1,4.56E-06,
https://www.facebook.com/Abma001/posts/1655697227974211,1,4.56E-06,
Evans Miloo Rutto,1,4.56E-06,
Sujanto Lim,1,4.56E-06,
https://www.facebook.com/margaretkenyatta.loanapps.1/posts/121573286804973,1,4.56E-06,
https://www.facebook.com/100922445298159/photos/a.101468091910261/182261867164216/,1,4.56E-06,
dpaLes enqu√™tes contre Ursula von der Leyen ont √©t√© suspendues √† cause des √©lections europ√©ennes.,1,4.56E-06,
Verify Media Platform  | ŸÅEEŸÅEEÿµÿ© ÿ™ÿ£ŸÅEEÿØ,1,4.56E-06,
Verify Media Platform,1,4.56E-06,
Logically Facts Video shows Muslim migrants clashing with police in Sweden during the Eurovision contest,1,4.56E-06,
" Elke dag worden grote hoeveelheden chemtrails - vol met nanodeeltjes aluminium, strontium, barium, polyiamide fibers en tal van andere stoffen - door de globalisten over de wereld verspreid door middel van vliegtuigen.",1,4.56E-06,
Mongolia Fact Checking Center,1,4.56E-06,
logically Facts,1,4.56E-06,
BR24 #Faktenfuchs ,1,4.56E-06,
logically facts logo ÅEE¶≤ÅEE¶ÅEEÅEE¶øÅEE¶ÅEEÅEEßÅEEÅEE¶≤ÅEEßÄ ÅEE¶´ÅEEßÅEEÅEE¶ÅEEÅEEßÅEEÅEE¶ÅEEÅEE¶ÅEE,1,4.56E-06,
Loigcally Facts,1,4.56E-06,
Kedar Nadella,1,4.56E-06,
Priyali Dhingra,1,4.56E-06,
